external_id,name,category_raw,address_clean,postcode_digits,city_market,lat,lon,website_norm,phones_e164,emails_final_clean,facebook_url_final_clean_best,instagram_url_final_clean_best,whatsapp_url_final_clean_best,youtube_url_final_clean_best,tiktok_url_final_clean_best,linkedin_url_final_clean_best,telegram_url_final_clean_best,twitter_url_final_clean_best,pinterest_url_final_clean_best,google_maps_url,open_status_norm,working_hours
ChIJqxp2HC7_sUARwlutswVtY18,Scope Beauty & Education,Salon de înfrumusețare,"Strada Henri Coandă 33, Bucuresti",010667,București,44.448996,26.091578,https://scopebeauty.ro/,+40773989930,,,https://www.instagram.com/denis_cristixn,,,https://www.tiktok.com/@scopebeauty,,,,,https://www.google.com/maps/place/Scope+Beauty+%26+Education/data=!4m7!3m6!1s0x40b1ff2e1c761aab:0x5f636d05b3ad5bc2!8m2!3d44.448996!4d26.091578!16s%2Fg%2F11l2bzvwss!19sChIJqxp2HC7_sUARwlutswVtY18?authuser=0&hl=ru&rclk=1,open,joi: 10–21; vineri: 10–21; sâmbătă: 10–18; duminică: Închis; luni: 10–21; marți: 10–21; miercuri: 10–21
ChIJH-3ruq74sUAR2kMTgDvXXPI,"COTOI MARIAN, SALON",Salon de înfrumusețare,"Salon Coafor & Keratina, Strada Austrului 54, Bucuresti",024073,București,44.4350316,26.1239123,https://www.mariancotoi.ro/bucuresti/contact/,+40728265661,bymariancotoi@yahoo.com,,https://www.instagram.com/mariancotoi,,,,,,,,"https://www.google.com/maps/place/COTOI+MARIAN,+SALON/data=!4m7!3m6!1s0x40b1f8aebaebed1f:0xf25cd73b801343da!8m2!3d44.4350316!4d26.1239123!16s%2Fg%2F1hc1ylr9j!19sChIJH-3ruq74sUAR2kMTgDvXXPI?authuser=0&hl=ru&rclk=1",open,joi: 09–21; vineri: 09–21; sâmbătă: 09–21; duminică: Închis; luni: Închis; marți: Închis; miercuri: Închis
ChIJv_4FE2YCskARCzC_05NUyRY,1Dream Beauty Studio by Raluca Racovita,Salon de înfrumusețare,"Str. Nicolae G. Caramfil 40, Bucuresti",014144,București,44.482124,26.092678,https://www.1dream.ro/contact/,+40728580314,office@1dream.ro,https://facebook.com/1dreambyralucaRacovita,https://instagram.com/1dreambeauty,,https://www.youtube.com/channel/UCRrdk8kO12NYo_PeP35sung,,,,,https://ro.pinterest.com/raluca6217,https://www.google.com/maps/place/1Dream+Beauty+Studio+by+Raluca+Racovita/data=!4m7!3m6!1s0x40b202661305febf:0x16c95493d3bf300b!8m2!3d44.482124!4d26.092678!16s%2Fg%2F11cn2mfd0v!19sChIJv_4FE2YCskARCzC_05NUyRY?authuser=0&hl=ru&rclk=1,open,joi: 10–21; vineri: 10–21; sâmbătă: 08–19; duminică: Închis; luni: 10–21; marți: 10–21; miercuri: 10–21
ChIJ9X5aav7-sUAR5cv7ZP0-QL0,Salon THOMAS - Coiffeur Francais,Salon de înfrumusețare,"Bloc 42, Piscului, Nr. 16, Bl. 42, Sc. C, Parter, Bucuresti",040405,București,44.4109873,26.1123351,https://www.thomas.ro/programari,,salon@thomas.ro,,https://www.instagram.com/thomas_coiffeur_francais,https://wa.me/+40738834424?text=Buna,,,,,,,https://www.google.com/maps/place/Salon+THOMAS+-+Coiffeur+Francais/data=!4m7!3m6!1s0x40b1fefe6a5a7ef5:0xbd403efd64fbcbe5!8m2!3d44.4109873!4d26.1123351!16s%2Fg%2F11hbhhwyrz!19sChIJ9X5aav7-sUAR5cv7ZP0-QL0?authuser=0&hl=ru&rclk=1,open,joi: 10:30–20; vineri: 10:30–20; sâmbătă: 10:30–19; duminică: Închis; luni: Închis; marți: 10:30–20; miercuri: 10:30–20
ChIJsUAvrxD_sUARWSBvPZOtKwE,4AM Beauty Salon,Salon de înfrumusețare,"Strada Școalei 2, Bucuresti",020964,București,44.4409188,26.1020617,,+40785550442,,,,,,,,,,,https://www.google.com/maps/place/4AM+Beauty+Salon/data=!4m7!3m6!1s0x40b1ff10af2f40b1:0x12bad933d6f2059!8m2!3d44.4409188!4d26.1020617!16s%2Fg%2F11ry14m2q_!19sChIJsUAvrxD_sUARWSBvPZOtKwE?authuser=0&hl=ru&rclk=1,open,joi: 09–21; vineri: 09–21; sâmbătă: 09–18; duminică: 09–18; luni: 09–21; marți: 09–21; miercuri: 09–21
ChIJzZZ3BzYBskARbA_B-H23S1Y,Hairmony Salon,Salon de înfrumusețare,"Strada Frumoasă 6, Bucuresti",010987,București,44.4487491,26.084181,https://hairmony.ro/contact/,+40771388326,contact@hairmony.ro,https://www.facebook.com/Hairmony-Salon-316162225695303,https://www.instagram.com/hairmony.salon,https://wa.me/40771388326,,,,,,,https://www.google.com/maps/place/Hairmony+Salon/data=!4m7!3m6!1s0x40b20136077796cd:0x564bb77df8c10f6c!8m2!3d44.4487491!4d26.084181!16s%2Fg%2F11jmyxf_19!19sChIJzZZ3BzYBskARbA_B-H23S1Y?authuser=0&hl=ru&rclk=1,open,joi: 10–20; vineri: 10–18; sâmbătă: 09–15; duminică: Închis; luni: 10–20; marți: Închis; miercuri: 10–20
ChIJAUctSDH_sUAR51XmE9CHMI0,"Attitude Salon Frizerie, Coafor, Blond Expert, Balayage, Acoperire de par alb, Tunsori moderne, Decebal, Sector 3 Barber Shop",Coafor,"Strada Învingătorilor 23, Bucuresti",030921,București,44.4299064,26.1309209,https://attitudesalon.ro/contact/,+40729227334,office@attitudesalon.ro,https://www.facebook.com/attitudesalon,,,,,,,,,"https://www.google.com/maps/place/Attitude+Salon+Frizerie,+Coafor,+Blond+Expert,+Balayage,+Acoperire+de+par+alb,+Tunsori+moderne,+Decebal,+Sector+3+Barber+Shop/data=!4m7!3m6!1s0x40b1ff31482d4701:0x8d3087d013e655e7!8m2!3d44.4299064!4d26.1309209!16s%2Fg%2F1hc1ww5y9!19sChIJAUctSDH_sUAR51XmE9CHMI0?authuser=0&hl=ru&rclk=1",open,joi: 10–17; vineri: 10–17; sâmbătă: 10–17; duminică: Închis; luni: Închis; marți: Închis; miercuri: 10–17
ChIJ3W8BnHr_sUAR1G7OWv1SjoY,Anastasia Beauty Center,Salon de înfrumusețare,"Calea 13 Septembrie 87-89, Bucuresti",050713,București,44.4248787,26.0791179,https://www.anastasia-beauty-center.ro/,+40727573730,anastasiabucuresti@yahoo.com,https://www.facebook.com/BeautyCenterAnastasia,,,https://www.youtube.com/channel/UCYSKIUZMy_MrSmFGAxU4dbg,,,,,,https://www.google.com/maps/place/Anastasia+Beauty+Center/data=!4m7!3m6!1s0x40b1ff7a9c016fdd:0x868e52fd5ace6ed4!8m2!3d44.4248787!4d26.0791179!16s%2Fg%2F1hc223q0v!19sChIJ3W8BnHr_sUAR1G7OWv1SjoY?authuser=0&hl=ru&rclk=1,open,joi: 09–20; vineri: 09–20; sâmbătă: 09–20; duminică: Închis; luni: 09–20; marți: 09–20; miercuri: 09–20
ChIJg5io9Eb_sUARrlFuygG5BEM,Studio 55 beauty salon,Salon de înfrumusețare,"Strada Ion Câmpineanu 11, Bucuresti",030167,București,44.4372258,26.0991009,https://www.studio55.ro/,+40757788346,,,https://www.instagram.com/studio55beauty,,,,,,,,https://www.google.com/maps/place/Studio+55+beauty+salon/data=!4m7!3m6!1s0x40b1ff46f4a89883:0x4304b901ca6e51ae!8m2!3d44.4372258!4d26.0991009!16s%2Fg%2F11c5zqc3hp!19sChIJg5io9Eb_sUARrlFuygG5BEM?authuser=0&hl=ru&rclk=1,open,joi: 11–21; vineri: 10–19; sâmbătă: 10–19; duminică: Închis; luni: Închis; marți: 11–21; miercuri: 11–21
ChIJ5aCj0bb_sUARl1om0FGESZI,The Crib Hair Studio,Coafor,"Bloc Le Fontane, Etj Mezanin, Strada Traian Popovici 79-91, Bucuresti",031422,București,44.4228393,26.1334142,https://www.thecrib.ro/,+40758432742,,https://www.facebook.com/thecribhairstudio,https://www.instagram.com/thecribhairstudio,,,,,,,,https://www.google.com/maps/place/The+Crib+Hair+Studio/data=!4m7!3m6!1s0x40b1ffb6d1a3a0e5:0x92498451d0265a97!8m2!3d44.4228393!4d26.1334142!16s%2Fg%2F11gpnj3qhj!19sChIJ5aCj0bb_sUARl1om0FGESZI?authuser=0&hl=ru&rclk=1,open,joi: 09:30–21; vineri: 09:30–21; sâmbătă: 09:30–20; duminică: Închis; luni: 09:30–21; marți: 09:30–21; miercuri: 09:30–21
ChIJYesxVFf5sUARs_w0y3cFnbc,Salon Art Together,Salon de înfrumusețare,"Strada Amman 29, Bucuresti",011614,București,44.4563618,26.0997818,https://www.arttogether.ro/,+40772060802,contact@arttogether.ro,https://www.facebook.com/andrei.barajin.35,https://www.instagram.com/andrei_barajin_style13,,,https://www.tiktok.com/@arttogether0,,,,,https://www.google.com/maps/place/Salon+Art+Together/data=!4m7!3m6!1s0x40b1f9575431eb61:0xb79d0577cb34fcb3!8m2!3d44.4563618!4d26.0997818!16s%2Fg%2F11ry3c9czp!19sChIJYesxVFf5sUARs_w0y3cFnbc?authuser=0&hl=ru&rclk=1,open,joi: 10–19; vineri: 10–19; sâmbătă: 09–14; duminică: Închis; luni: Închis; marți: 10–19; miercuri: 10–19
ChIJSZoCowcCskARXOoZzKH0eKM,Cristi Pascu Exclusive,Salon de înfrumusețare,"Bloc D1, Calea Victoriei 155, Bucuresti",010073,București,44.4514337,26.0846957,https://www.cristipascu.ro/,+40749111222,email@cristipascuexlusive.com,https://www.facebook.com/CristiPascuExclusive,https://www.instagram.com/cristipascu_exclusive,,,,,,,,https://www.google.com/maps/place/Cristi+Pascu+Exclusive/data=!4m7!3m6!1s0x40b20207a3029a49:0xa378f4a1cc19ea5c!8m2!3d44.4514337!4d26.0846957!16s%2Fg%2F1hc6297_d!19sChIJSZoCowcCskARXOoZzKH0eKM?authuser=0&hl=ru&rclk=1,open,joi: 08–20; vineri: 08–20; sâmbătă: 09–18; duminică: 09–14; luni: 08–20; marți: 08–20; miercuri: 08–20
ChIJIUjApk__sUAR-waTZfpAtTo,Gaal HairPlay,Salon de înfrumusețare,"Strada Docenților 22, Bucuresti",011404,București,44.4623209,26.0785032,https://www.gaalhairplay.ro/contact/,+40741593127,office@gaalhairplay.ro,https://www.facebook.com/gaalhair,,,,,,,,https://ro.pinterest.com/gaalhairplay,https://www.google.com/maps/place/Gaal+HairPlay/data=!4m7!3m6!1s0x40b1ff4fa6c04821:0x3ab540fa659306fb!8m2!3d44.4623209!4d26.0785032!16s%2Fg%2F1thg8z1b!19sChIJIUjApk__sUAR-waTZfpAtTo?authuser=0&hl=ru&rclk=1,open,joi: 10–17; vineri: 10–17; sâmbătă: Închis; duminică: Închis; luni: 10–17; marți: 10–17; miercuri: 10–17
ChIJgST1r5oBskARnule6g2oaSI,Inspire Salon,Salon de înfrumusețare,"Strada Teodosie Rudeanu 3, Bucuresti",011257,București,44.4536392,26.0729009,,+40753128444,,,,,,,,,,,https://www.google.com/maps/place/Inspire+Salon/data=!4m7!3m6!1s0x40b2019aaff52481:0x2269a80dea5ee99e!8m2!3d44.4536392!4d26.0729009!16s%2Fg%2F11h4nhklkw!19sChIJgST1r5oBskARnule6g2oaSI?authuser=0&hl=ru&rclk=1,open,joi: 11–21:30; vineri: 11–21:30; sâmbătă: 11–21:30; duminică: Închis; luni: 11–21:30; marți: 11–21:30; miercuri: 11–21:30
ChIJA1RpRd3_sUARMqhtVkmyXGk,Kontur Beauty Labs,Salon de înfrumusețare,"Bulevardul Decebal 16, Bucuresti",030968,București,44.4292766,26.1348049,https://konturbeautylabs.ro/contact/,+40769697434,contact@konturbeautylabs.ro,https://www.facebook.com/konturbeautylabs,https://www.instagram.com/konturbeautylabs,,,https://www.tiktok.com/@konturbeautylabs,,,,,https://www.google.com/maps/place/Kontur+Beauty+Labs/data=!4m7!3m6!1s0x40b1ffdd45695403:0x695cb249566da832!8m2!3d44.4292766!4d26.1348049!16s%2Fg%2F11gk349rym!19sChIJA1RpRd3_sUARMqhtVkmyXGk?authuser=0&hl=ru&rclk=1,unspecified,
ChIJq6qW-Kv4sUARW99SnYe_Vek,Cursuri Vopsit Balayage,Coafor,"Str. Nicolae G. Caramfil 40, Bucuresti",014410,București,44.482109,26.092763,https://balayage.ro/inscriere-curs,+40799222909,office@balayage.ro,https://www.facebook.com/BalayageRomania,,,,,,,,,https://www.google.com/maps/place/Cursuri+Vopsit+Balayage/data=!4m7!3m6!1s0x40b1f8abf896aaab:0xe955bf879d52df5b!8m2!3d44.482109!4d26.092763!16s%2Fg%2F11fp8z5y3l!19sChIJq6qW-Kv4sUARW99SnYe_Vek?authuser=0&hl=ru&rclk=1,open,joi: 10–17; vineri: 10–17; sâmbătă: 10–17; duminică: Închis; luni: 10–17; marți: 10–17; miercuri: 10–17
ChIJoXFY-6n4sUAR28sMHu30FzA,Tribute Salon by George Soare,Salon de înfrumusețare,"Strada Londra 36, Bucuresti",000000,București,44.4569749,26.0932989,https://www.tributesalon.ro/,+40749155595,,https://www.facebook.com/tributesalon,https://instagram.com/tributesalon,https://api.whatsapp.com/send?phone=40749155595,,,,,,,https://www.google.com/maps/place/Tribute+Salon+by+George+Soare/data=!4m7!3m6!1s0x40b1f8a9fb5871a1:0x3017f4ed1e0ccbdb!8m2!3d44.4569749!4d26.0932989!16s%2Fg%2F11b5pj0d82!19sChIJoXFY-6n4sUAR28sMHu30FzA?authuser=0&hl=ru&rclk=1,open,miercuri: 09–21; joi: 09–21; vineri: 09–21; sâmbătă: 09–18; duminică: Închis; luni: 09–21; marți: 09–21
ChIJ__70Pyn_sUARpnxeXdPqaAg,BeOne Beauty Center,Salon de înfrumusețare,"Mezanin, Bulevardul Libertății 22, Bucuresti",050707,București,44.4320891,26.092243,https://chicsalon.ro/programare-online/,+40728338055,,,,,,,,,,,https://www.google.com/maps/place/BeOne+Beauty+Center/data=!4m7!3m6!1s0x40b1ff293ff4feff:0x868ead35d5e7ca6!8m2!3d44.4320891!4d26.092243!16s%2Fg%2F1tdpq4qf!19sChIJ__70Pyn_sUARpnxeXdPqaAg?authuser=0&hl=ru&rclk=1,open,joi: 09–21; vineri: 09–21; sâmbătă: 09–19; duminică: Închis; luni: 09–21; marți: 09–21; miercuri: 09–21
ChIJp6fljCwAskARB8PBGzt1_1k,"My Angel Salon - Salon, Coafor Drumul Taberei, Sector 6. Tratatamente Faciale, Keratina, Balayage Bucuresti",Salon de înfrumusețare,"Str. Sibiu 35, Bucuresti",061344,București,44.4209615,26.0479895,,+40727495261,,,,,,,,,,,"https://www.google.com/maps/place/My+Angel+Salon+-+Salon,+Coafor+Drumul+Taberei,+Sector+6.+Tratatamente+Faciale,+Keratina,+Balayage+Bucuresti/data=!4m7!3m6!1s0x40b2002c8ce5a7a7:0x59ff753b1bc1c307!8m2!3d44.4209615!4d26.0479895!16s%2Fg%2F11gb3t65rp!19sChIJp6fljCwAskARB8PBGzt1_1k?authuser=0&hl=ru&rclk=1",open,joi: 10–20; vineri: 10–20; sâmbătă: 09–17; duminică: Închis; luni: 10–20; marți: 10–20; miercuri: 10–20
ChIJBattFKv4sUARArLtzE_45-U,Artist Salon Academy Cursuri Coafor Bucuresti,Salon de înfrumusețare,"Str. Nicolae G. Caramfil 55, Bucuresti",014145,București,44.4804605,26.0923229,https://artistsalonacademy.ro/,+40736841421,,https://www.facebook.com/ArtistSalonAcademy,https://www.instagram.com/artist.salon.academy,,https://www.youtube.com/channel/UCFb0chJX_K0VhWDPg77RsOg,,,,,,https://www.google.com/maps/place/Artist+Salon+Academy+Cursuri+Coafor+Bucuresti/data=!4m7!3m6!1s0x40b1f8ab146dab05:0xe5e7f84fccedb202!8m2!3d44.4804605!4d26.0923229!16s%2Fg%2F1hc3059cv!19sChIJBattFKv4sUARArLtzE_45-U?authuser=0&hl=ru&rclk=1,open,joi: 10–21; vineri: 10–21; sâmbătă: 10–18; duminică: Închis; luni: 10–21; marți: 10–21; miercuri: 10–21
ChIJy54LGtEBskAROoQjKfQlOa4,Cristian Bacanu Hair Salon,Salon de înfrumusețare,"Bulevardul General Paul Teodorescu nr 6, Bucuresti",061345,București,44.4283206,26.0542928,https://www.cristianbacanu.ro/programare-online/,+40725610610,cribahbeauty@gmail.com,https://www.facebook.com/cbhairsalon,https://www.instagram.com/cb_hairsalon,,,,,,https://twitter.com/hair_bacanu,,https://www.google.com/maps/place/Cristian+Bacanu+Hair+Salon/data=!4m7!3m6!1s0x40b201d11a0b9ecb:0xae3925f42923843a!8m2!3d44.4283206!4d26.0542928!16s%2Fg%2F11g6bl7s86!19sChIJy54LGtEBskAROoQjKfQlOa4?authuser=0&hl=ru&rclk=1,open,joi: 09–21; vineri: 09–21; sâmbătă: 09–17; duminică: Închis; luni: 09–21; marți: 09–21; miercuri: 09–21
ChIJn5kIxMf5sUARnvtiyf47fc0,L'amour Beauty Studio,Salon de înfrumusețare,"Șoseaua Iancului 46, Bucuresti",021726,București,44.4414348,26.1390717,https://www.lamour.ro/,+40769550016,office@lamour.ro,https://www.facebook.com/lamour.ro,https://www.instagram.com/lamour_ro,,,https://www.tiktok.com/@lamourbeautyro,,,,,https://www.google.com/maps/place/L%27amour+Beauty+Studio/data=!4m7!3m6!1s0x40b1f9c7c408999f:0xcd7d3bfec962fb9e!8m2!3d44.4414348!4d26.1390717!16s%2Fg%2F11s0v1bfm4!19sChIJn5kIxMf5sUARnvtiyf47fc0?authuser=0&hl=ru&rclk=1,unspecified,
ChIJI2wvFGr5sUARoCIitPDSYQI,The SETUP,Salon de înfrumusețare,"Str. Barbu Văcărescu 131, Bucuresti",020284,București,44.459992,26.1066135,https://www.thesetup.ro/,+40725211211,hello@thesetup.ro,https://www.facebook.com/bconstantin33,https://www.instagram.com/busuconstantin,,,https://www.tiktok.com/@thesetup.ro,,,,https://ro.pinterest.com/thesetupro,https://www.google.com/maps/place/The+SETUP/data=!4m7!3m6!1s0x40b1f96a142f6c23:0x261d2f0b42222a0!8m2!3d44.459992!4d26.1066135!16s%2Fg%2F11h37m7j01!19sChIJI2wvFGr5sUARoCIitPDSYQI?authuser=0&hl=ru&rclk=1,open,joi: 08–21; vineri: 08–21; sâmbătă: 09–19; duminică: Închis; luni: 08–21; marți: 08–21; miercuri: 08–21
ChIJrWt5SMX_sUARNHXdD3MmfxA,INAD CONCEPT by Dani Voicu,Salon de înfrumusețare,"Calea 13 Septembrie 164, Bucuresti",061344,București,44.4225644,26.0700732,https://inadconcept.ro/contact/,+40727334450,contact@inadconcept.ro,https://www.facebook.com/inaconceptbydanivoicu,https://www.instagram.com/inadconcept,https://wa.me/+40727334450,,https://www.tiktok.com/@inadconcept,,,,,https://www.google.com/maps/place/INAD+CONCEPT+by+Dani+Voicu/data=!4m7!3m6!1s0x40b1ffc548796bad:0x107f26730fdd7534!8m2!3d44.4225644!4d26.0700732!16s%2Fg%2F11j8t39q76!19sChIJrWt5SMX_sUARNHXdD3MmfxA?authuser=0&hl=ru&rclk=1,open,joi: 09–21; vineri: 09–21; sâmbătă: 09–21; duminică: 09–21; luni: 09–21; marți: 09–21; miercuri: 09–21
ChIJY5G--6IBskARstu2djmhOkA,"Miss Rock Style - beauty salon -servicii vopsit, balayage, tuns, extensii, Manic Panic",Salon de înfrumusețare,"Bulevardul Dimitrie Cantemir 2, Bucuresti",030167,București,44.4255746,26.1034691,,+40731925806,,https://www.facebook.com/anngell13,,,,,,,,,"https://www.google.com/maps/place/Miss+Rock+Style+-+beauty+salon+-servicii+vopsit,+balayage,+tuns,+extensii,+Manic+Panic/data=!4m7!3m6!1s0x40b201a2fbbe9163:0x403aa13976b6dbb2!8m2!3d44.4255746!4d26.1034691!16s%2Fg%2F11hdws55vy!19sChIJY5G--6IBskARstu2djmhOkA?authuser=0&hl=ru&rclk=1",open,joi: 09–20; vineri: 09–20; sâmbătă: 09–18; duminică: Închis; luni: 09–20; marți: 09–20; miercuri: 09–20
ChIJZzDp9gH_sUAR2qiSSjMx6RY,KAENY,Salon de înfrumusețare,"Strada Ion Pilat 1, Bucuresti",030167,București,44.4266111,26.1230156,,+40792313265,,,,,,,,,,,https://www.google.com/maps/place/KAENY/data=!4m7!3m6!1s0x40b1ff01f6e93067:0x16e931334a92a8da!8m2!3d44.4266111!4d26.1230156!16s%2Fg%2F11ksb80j9w!19sChIJZzDp9gH_sUAR2qiSSjMx6RY?authuser=0&hl=ru&rclk=1,open,joi: 09–21; vineri: 09–21; sâmbătă: 09–21; duminică: Închis; luni: 09–21; marți: 09–21; miercuri: 09–21
ChIJiej7jMT5sUARGk7hDk85rjo,Cube Beauty Room,Salon de înfrumusețare,"VITAN ESTATES Strada MOTILOR, VITAN, Șoseaua Mihai Bravu 15 B, Bucuresti",031521,București,44.4125592,26.1250772,,+40722439428,,,,,,,,,,,https://www.google.com/maps/place/Cube+Beauty+Room/data=!4m7!3m6!1s0x40b1f9c48cfbe889:0x3aae394f0ee14e1a!8m2!3d44.4125592!4d26.1250772!16s%2Fg%2F11s99spb2h!19sChIJiej7jMT5sUARGk7hDk85rjo?authuser=0&hl=ru&rclk=1,open,joi: 10–22; vineri: 10–22; sâmbătă: 10–22; duminică: 10–22; luni: 10–22; marți: 10–22; miercuri: 10–22
ChIJ5f2zVTL_sUAR42EH4uJMD_E,Ella Grad Hair,Salon de înfrumusețare,"Strada Dristorului 73, Bucuresti",031532,București,44.425989,26.135974,,+40768245431,,,,,,,,,,,https://www.google.com/maps/place/Ella+Grad+Hair/data=!4m7!3m6!1s0x40b1ff3255b3fde5:0xf10f4ce2e20761e3!8m2!3d44.425989!4d26.135974!16s%2Fg%2F11x5gtd1j8!19sChIJ5f2zVTL_sUAR42EH4uJMD_E?authuser=0&hl=ru&rclk=1,open,joi: 09–21; vineri: 09–21; sâmbătă: 09–21; duminică: Închis; luni: 09–21; marți: 09–21; miercuri: 09–21
ChIJI_pa9oH_sUARq8AQywmMPyA,Florin Rosca Hair Art Concept,Coafor,"Șoseaua Nicolae Titulescu nr.18, Bucuresti",011142,București,44.4523208,26.0772774,,+40732937622,,,,,,,,,,,https://www.google.com/maps/place/Florin+Rosca+Hair+Art+Concept/data=!4m7!3m6!1s0x40b1ff81f65afa23:0x203f8c09cb10c0ab!8m2!3d44.4523208!4d26.0772774!16s%2Fg%2F11h2gd_mw3!19sChIJI_pa9oH_sUARq8AQywmMPyA?authuser=0&hl=ru&rclk=1,open,joi: 09:30–21; vineri: 09:30–21; sâmbătă: 09:30–21; duminică: 10–17; luni: 09:30–21; marți: 09:30–21; miercuri: 09:30–21
ChIJHSvmLZn_sUAR9YXrjMbi4EM,Bassam Concept Salon,Salon de înfrumusețare,"Bulevardul Libertății 22, Bucuresti",050707,București,44.4321498,26.092307,https://bassamconcept.book.app/,+40760898020,programarisalon@gmail.com,https://www.facebook.com/Bassamconceptsalon,https://www.instagram.com/Bassamconceptsalon,,,,,,,,https://www.google.com/maps/place/Bassam+Concept+Salon/data=!4m7!3m6!1s0x40b1ff992de62b1d:0x43e0e2c68ceb85f5!8m2!3d44.4321498!4d26.092307!16s%2Fg%2F11h3jsxf88!19sChIJHSvmLZn_sUAR9YXrjMbi4EM?authuser=0&hl=ru&rclk=1,open,joi: 09–21; vineri: 09–21; sâmbătă: 07–20; duminică: 09–21; luni: 09–21; marți: 09–21; miercuri: 09–21
ChIJSzR1vA0CskAR4kkNM-GssZ0,The Clique-Hair Studio,Coafor,"Bulevardul Primăverii 32, Bucuresti",014192,București,44.4683279,26.0908563,,+40767278286,,,,,,,,,,,https://www.google.com/maps/place/The+Clique-Hair+Studio/data=!4m7!3m6!1s0x40b2020dbc75344b:0x9db1ace1330d49e2!8m2!3d44.4683279!4d26.0908563!16s%2Fg%2F11f_kp9ny6!19sChIJSzR1vA0CskAR4kkNM-GssZ0?authuser=0&hl=ru&rclk=1,open,joi: 12–20; vineri: 12–20; sâmbătă: 09–17; duminică: Închis; luni: Închis; marți: 12–20; miercuri: 12–20
ChIJCVdUAjv_sUARJNFMeT0sG6A,Ark salon,Salon de înfrumusețare,"57 C, Șoseaua Viilor, Bucuresti",050152,București,44.412619,26.0880513,,+40723047861,,,https://instagram.com/ark.salon.bucuresti,,,,,,,,https://www.google.com/maps/place/Ark+salon/data=!4m7!3m6!1s0x40b1ff3b02545709:0xa01b2c3d794cd124!8m2!3d44.412619!4d26.0880513!16s%2Fg%2F11jyx0h8gq!19sChIJCVdUAjv_sUARJNFMeT0sG6A?authuser=0&hl=ru&rclk=1,open,joi: 10–20; vineri: 10–20; sâmbătă: 10–17; duminică: Închis; luni: 10–20; marți: 10–20; miercuri: 10–20
ChIJu4VvHTn_sUARB0XEm-ax4u0,ABBATE Rosetti,Salon de înfrumusețare,"Strada Dimitrie Bolintineanu 2, Bucuresti",030167,București,44.4350075,26.1064469,https://abbate.ro/page/17/abbate-rosetti.html,+40213131198,office@abbate.ro,https://www.facebook.com/pg/AbbateSalon,https://www.instagram.com/abbate_salon,,,,,,,,https://www.google.com/maps/place/ABBATE+Rosetti/data=!4m7!3m6!1s0x40b1ff391d6f85bb:0xede2b1e69bc44507!8m2!3d44.4350075!4d26.1064469!16s%2Fg%2F11gdt11n4n!19sChIJu4VvHTn_sUARB0XEm-ax4u0?authuser=0&hl=ru&rclk=1,open,joi: 08–21; vineri: 08–21; sâmbătă: 08–21; duminică: 08–14; luni: 08–21; marți: 08–21; miercuri: 08–21
ChIJHblHmh__sUAR9EGRnMfu_pU,55Studio Beauty Center,Salon de înfrumusețare,"Bulevardul Octavian Goga 21, Bucuresti",030983,București,44.4241714,26.119665,https://55studio.ro/programari-55-studio/,+40769088900,contact@55studio.ro,https://www.facebook.com/BeautyCenterStudio55,,,,,,,,,https://www.google.com/maps/place/55Studio+Beauty+Center/data=!4m7!3m6!1s0x40b1ff1f9a47b91d:0x95feeec79c9141f4!8m2!3d44.4241714!4d26.119665!16s%2Fg%2F11gc_mm1m6!19sChIJHblHmh__sUAR9EGRnMfu_pU?authuser=0&hl=ru&rclk=1,open,joi: 09–21; vineri: 09–21; sâmbătă: 09–21; duminică: Închis; luni: 09–21; marți: 09–21; miercuri: 09–21
ChIJvVAaTMz5sUARlDlWO4xzFY8,Cosite,Salon de înfrumusețare,"Strada Stefan Greceanu 8, Bucuresti",202528,București,44.452247,26.104734,https://www.cosite.ro/,+40755078356,,https://www.facebook.com/profile.php?id=100089457829555,https://www.instagram.com/cosite.ro,,,https://www.tiktok.com/@cosite.ro,,,,,https://www.google.com/maps/place/Cosite/data=!4m7!3m6!1s0x40b1f9cc4c1a50bd:0x8f15738c3b563994!8m2!3d44.452247!4d26.104734!16s%2Fg%2F11txs54n7z!19sChIJvVAaTMz5sUARlDlWO4xzFY8?authuser=0&hl=ru&rclk=1,open,joi: 10–19; vineri: 10–19; sâmbătă: 10–18; duminică: Închis; luni: 10–19; marți: 10–19; miercuri: 10–19
ChIJBya6R2IDskARR5hAUWzVRVc,Mojo the hair salon,Salon de înfrumusețare,Șoseaua Bucuresti-Ploiești 24-28,062022,București,44.4921536,26.0795185,,+40749666649,,,,,,,,,,,https://www.google.com/maps/place/Mojo+the+hair+salon/data=!4m7!3m6!1s0x40b2036247ba2607:0x5745d56c51409847!8m2!3d44.4921536!4d26.0795185!16s%2Fg%2F11ld3l_vsq!19sChIJBya6R2IDskARR5hAUWzVRVc?authuser=0&hl=ru&rclk=1,open,joi: 10–20; vineri: 10–20; sâmbătă: 10–19; duminică: Închis; luni: 10–20; marți: 10–20; miercuri: 10–20
ChIJeXXVRgD_sUAR1Y1oF1eYg-A,KALI - Beauty Center - Salon de înfrumusețare Centru București,Salon de înfrumusețare,"Strada Lipscani 77, Bucuresti",030167,București,44.4318239,26.1029725,https://kalibeautycenter.ro/,+40729167215,contact@kalibeautycenter.ro,https://www.facebook.com/profile.php?id=61552042437807,https://www.instagram.com/kali.beautycenter,,,https://www.tiktok.com/@kalibeautycenter,,,,,https://www.google.com/maps/place/KALI+-+Beauty+Center+-+Salon+de+%C3%AEnfrumuse%C8%9Bare+Centru+Bucure%C8%99ti/data=!4m7!3m6!1s0x40b1ff0046d57579:0xe083985717688dd5!8m2!3d44.4318239!4d26.1029725!16s%2Fg%2F11vk7qyjgr!19sChIJeXXVRgD_sUAR1Y1oF1eYg-A?authuser=0&hl=ru&rclk=1,unspecified,
ChIJYT9jXX__sUARHwl-U5Cot_E,Studio Beauty IL'egal,Salon de înfrumusețare,"bloc 85, Strada Matei Basarab nr 100, Bucuresti",030167,București,44.4308957,26.1290341,,+40726038200,,https://www.facebook.com/Studio.Beauty.ILegal,,,,,,,,,https://www.google.com/maps/place/Studio+Beauty+IL%27egal/data=!4m7!3m6!1s0x40b1ff7f5d633f61:0xf1b7a890537e091f!8m2!3d44.4308957!4d26.1290341!16s%2Fg%2F11jq93n4x7!19sChIJYT9jXX__sUARHwl-U5Cot_E?authuser=0&hl=ru&rclk=1,open,joi: 09–21; vineri: 09–21; sâmbătă: 09–20; duminică: Închis; luni: 09–21; marți: 09–21; miercuri: 09–21
ChIJo-qJIRT5sUARfJfC1GEYrp4,Emotions Salon,Salon de înfrumusețare,"Strada Lisabona 3, Bucuresti",011787,București,44.4568604,26.0953292,https://www.emotions-salon.ro/,+40729340078,contact@emotions-salon.ro,https://www.facebook.com/emotionssalon.ro,https://www.instagram.com/emotionssalon,https://api.whatsapp.com/send?phone=40729340078,,https://www.tiktok.com/@emotions.salon,,,,,https://www.google.com/maps/place/Emotions+Salon/data=!4m7!3m6!1s0x40b1f9142189eaa3:0x9eae1861d4c2977c!8m2!3d44.4568604!4d26.0953292!16s%2Fg%2F11p0vp1vr2!19sChIJo-qJIRT5sUARfJfC1GEYrp4?authuser=0&hl=ru&rclk=1,open,joi: 09–20; vineri: 09–20; sâmbătă: 09–17; duminică: Închis; luni: 09–20; marți: 09–20; miercuri: 09–20
ChIJE87T8Jn_sUARQD2zKg9YByo,Le Salon,Salon de înfrumusețare,"Strada Piața Amzei 7-9, Bucuresti",010342,București,44.4436511,26.0943681,,+40729090705,,,,,,,,,,,https://www.google.com/maps/place/Le+Salon/data=!4m7!3m6!1s0x40b1ff99f0d3ce13:0x2a07580f2ab33d40!8m2!3d44.4436511!4d26.0943681!16s%2Fg%2F11snyrvvly!19sChIJE87T8Jn_sUARQD2zKg9YByo?authuser=0&hl=ru&rclk=1,open,joi: 10–21; vineri: 10–21; sâmbătă: 09–17; duminică: Închis; luni: 10–21; marți: 10–21; miercuri: 10–21
ChIJRwku-e3_sUAR5gZB7uR8Sek,Hair Artist by Flory Niculae,Salon de înfrumusețare,"Strada Poiana Narciselor 5, Bucuresti",010158,București,44.4396662,26.0917388,,+40729610888,,,,,,,,,,,https://www.google.com/maps/place/Hair+Artist+by+Flory+Niculae/data=!4m7!3m6!1s0x40b1ffedf92e0947:0xe9497ce4ee4106e6!8m2!3d44.4396662!4d26.0917388!16s%2Fg%2F11f76_qv4_!19sChIJRwku-e3_sUAR5gZB7uR8Sek?authuser=0&hl=ru&rclk=1,open,joi: 09–20; vineri: 09–20; sâmbătă: 09–16; duminică: Închis; luni: 09–20; marți: 09–20; miercuri: 09–20
ChIJTykji5H_sUARvBFGNw0RqgQ,Honey Concept,Coafor,"Calea Floreasca 83, Bucuresti",014454,București,44.4586809,26.10051,,,,,https://instagram.com/honey.concept,,,,,,,,https://www.google.com/maps/place/Honey+Concept/data=!4m7!3m6!1s0x40b1ff918b23294f:0x4aa110d374611bc!8m2!3d44.4586809!4d26.10051!16s%2Fg%2F11pd3gbzgv!19sChIJTykji5H_sUARvBFGNw0RqgQ?authuser=0&hl=ru&rclk=1,open,joi: 10–22; vineri: 10–22; sâmbătă: 10–22; duminică: Închis; luni: 10–22; marți: 10–22; miercuri: 10–22
ChIJz2v6Pob_sUARA2e3yDnPFXA,Mad's Beauty Salon,Salon de înfrumusețare,"Strada Matei Basarab 71, Bucuresti",030167,București,44.4306974,26.12016,,+40766661308,,,,,,,,,,,https://www.google.com/maps/place/Mad%27s+Beauty+Salon/data=!4m7!3m6!1s0x40b1ff863efa6bcf:0x7015cf39c8b76703!8m2!3d44.4306974!4d26.12016!16s%2Fg%2F11gxwskdyj!19sChIJz2v6Pob_sUARA2e3yDnPFXA?authuser=0&hl=ru&rclk=1,open,joi: 10–21; vineri: 10–21; sâmbătă: 09–16; duminică: Închis; luni: 10–21; marți: 09–21; miercuri: 10–21
ChIJHccnx5X_sUARPqD7EaMnpjU,Sauvage by Dasha's curly,Salon de înfrumusețare,"Calea Moșilor 205, Bucuresti",030167,București,44.4410207,26.116859,https://sauvagebydashascurly.com/,+40212114515,,https://www.facebook.com/SauvageSalon,,,,,,,,,https://www.google.com/maps/place/Sauvage+by+Dasha%27s+curly/data=!4m7!3m6!1s0x40b1ff95c727c71d:0x35a627a311fba03e!8m2!3d44.4410207!4d26.116859!16s%2Fg%2F11f5hm1pd8!19sChIJHccnx5X_sUARPqD7EaMnpjU?authuser=0&hl=ru&rclk=1,open,joi: 09–21; vineri: 09–21; sâmbătă: 09–21; duminică: Închis; luni: 09–21; marți: 09–21; miercuri: 09–21
ChIJOa7W7O__sUAR8yryhT_adqw,The Beautiful Club,Salon de înfrumusețare,"Strada Pârgarilor 31-33, Bucuresti",021107,București,44.4560617,26.1168614,,+40748778285,,,,,,,,,,,https://www.google.com/maps/place/The+Beautiful+Club/data=!4m7!3m6!1s0x40b1ffefecd6ae39:0xac76da3f85f22af3!8m2!3d44.4560617!4d26.1168614!16s%2Fg%2F11trcz3hqn!19sChIJOa7W7O__sUAR8yryhT_adqw?authuser=0&hl=ru&rclk=1,open,joi: 10–20; vineri: 10–20; sâmbătă: 10–20; duminică: Închis; luni: 10–20; marți: 10–20; miercuri: 10–20
ChIJpanuuQb_sUAR63nOC7FTfno,Factory Salon,Salon de înfrumusețare,"Strada Colței 11, Bucuresti",030167,București,44.434267,26.105388,,+40733240480,,,,,,,,,,,https://www.google.com/maps/place/Factory+Salon/data=!4m7!3m6!1s0x40b1ff06b9eea9a5:0x7a7e53b10bce79eb!8m2!3d44.434267!4d26.105388!16s%2Fg%2F11glw0647t!19sChIJpanuuQb_sUAR63nOC7FTfno?authuser=0&hl=ru&rclk=1,open,joi: 10–21; vineri: 10–21; sâmbătă: 10–16; duminică: Închis; luni: 10–21; marți: 10–21; miercuri: 10–21
ChIJQ09E2_3-sUAR5walmCppxSI,Salon El Studio Timpuri Noi,Salon de înfrumusețare,"Strada V. V. Stanciu 9, Bucuresti",040433,București,44.4123271,26.1136415,https://www.el-studio.ro/,+40213308340,,https://www.facebook.com/elstudiostyle,,,,,,,,,https://www.google.com/maps/place/Salon+El+Studio+Timpuri+Noi/data=!4m7!3m6!1s0x40b1fefddb444f43:0x22c5692a98a506e7!8m2!3d44.4123271!4d26.1136415!16s%2Fg%2F11byl6tq3g!19sChIJQ09E2_3-sUAR5walmCppxSI?authuser=0&hl=ru&rclk=1,open,joi: 08–21; vineri: 08–21; sâmbătă: 08–21; duminică: 09–15; luni: 08–21; marți: 08–21; miercuri: 08–21
ChIJubUtnKf4sUARb8nEo3HswyQ,The Artisans,Salon de înfrumusețare,"Șoseaua Nordului 96f, Bucuresti",014104,București,44.4837008,26.0890961,https://theartisans.ro/,+40736227577,contact@theartisans.ro,https://www.facebook.com/Studio44Bucuresti,https://www.instagram.com/studio44.ro,,,,,,,,https://www.google.com/maps/place/The+Artisans/data=!4m7!3m6!1s0x40b1f8a79c2db5b9:0x24c3ec71a3c4c96f!8m2!3d44.4837008!4d26.0890961!16s%2Fg%2F11b6nnj7sy!19sChIJubUtnKf4sUARb8nEo3HswyQ?authuser=0&hl=ru&rclk=1,open,joi: 10–21; vineri: 10–21; sâmbătă: 09–17; duminică: Închis; luni: 10–21; marți: 10–21; miercuri: 10–21
ChIJacdOCLEBskAReblr17Mmm0U,Alexia Beauty Salon,Salon de înfrumusețare,"Bulevardul Iuliu Maniu nr 78-80, Bucuresti",061111,București,44.4344872,26.0282302,,+40774681145,,,https://www.instagram.com/salon_alexia_beauty,,,,,,,,https://www.google.com/maps/place/Alexia+Beauty+Salon/data=!4m7!3m6!1s0x40b201b1084ec769:0x459b26b3d76bb979!8m2!3d44.4344872!4d26.0282302!16s%2Fg%2F11f2w5491f!19sChIJacdOCLEBskAReblr17Mmm0U?authuser=0&hl=ru&rclk=1,open,joi: 09–21; vineri: 09–21; sâmbătă: 09–18; duminică: Închis; luni: 09–21; marți: 09–21; miercuri: 09–21
ChIJVVXZR3__sUARiOQZpCeMhqQ,ABBATE,Salon de înfrumusețare,"Calea 13 Septembrie 206, Bucuresti",050723,București,44.4201846,26.0636643,https://abbate.ro/page/22/abbate-13-septembrie-206.html,+40214117648,office@abbate.ro,https://www.facebook.com/pg/AbbateSalon,https://www.instagram.com/abbate_salon,,,,,,,,https://www.google.com/maps/place/ABBATE/data=!4m7!3m6!1s0x40b1ff7f47d95555:0xa4868c27a419e488!8m2!3d44.4201846!4d26.0636643!16s%2Fg%2F11f_0xlpft!19sChIJVVXZR3__sUARiOQZpCeMhqQ?authuser=0&hl=ru&rclk=1,open,joi: 08–21; vineri: 08–21; sâmbătă: 08–21; duminică: 08–14; luni: 08–21; marți: 08–21; miercuri: 08–21
